x,y,z
572.226,232.848,76.323
587.0474444444444,237.5212222222222,77.00144444444443
601.8688888888889,242.19444444444446,77.67988888888888
616.6903333333333,246.86766666666668,78.35833333333333
631.5117777777778,251.5408888888889,79.03677777777777
646.3332222222223,256.2141111111111,79.71522222222222
661.1546666666667,260.88733333333334,80.39366666666666
675.9761111111111,265.56055555555554,81.07211111111111
690.7975555555556,270.23377777777773,81.75055555555555
705.619,274.907,82.429
571.9602222222222,232.76422222222223,82.70577777777777
586.7816666666666,237.43744444444442,83.38423456790122
601.6031111111112,242.11066666666665,84.06269135802468
616.4245555555556,246.7838888888889,84.74114814814814
631.2460000000001,251.4571111111111,85.41960493827159
646.0674444444444,256.1303333333333,86.09806172839507
660.8888888888889,260.80355555555553,86.77651851851851
675.7103333333333,265.4767777777777,87.45497530864198
690.5317777777778,270.15,88.13343209876543
705.3532222222223,274.82322222222217,88.81188888888889
571.6944444444445,232.68044444444445,89.08855555555556
586.5158888888889,237.35366666666664,89.76702469135802
601.3373333333334,242.0268888888889,90.44549382716049
616.1587777777778,246.7001111111111,91.12396296296296
630.9802222222222,251.37333333333333,91.80243209876544
645.8016666666667,256.0465555555555,92.48090123
660.6231111111111,260.7197777777777,93.15937037037037
675.4445555555556,265.393,93.83783950617283
690.266,270.0662222222222,94.51630864197531
705.0874444444445,274.7394444444444,95.19477777777777
571.4286666666667,232.5966666666667,95.47133333333332
586.2501111111111,237.2698888888889,96.14981481
601.0715555555555,241.94311111111114,96.82829629629629
615.893,246.6163333333334,97.50677777777778
630.7144444444446,251.28955555555558,98.18525925925925
645.5358889,255.96277777777777,98.86374074074074
660.3573333333334,260.636,99.54222222222222
675.1787777777778,265.3092222222222,100.22070370370372
690.0002222222223,269.98244444444447,100.89918518518519
704.8216666666667,274.65566666666666,101.57766666666667
571.1628888888889,232.51288888888888,101.85411111111111
585.9843333333333,237.1861111111111,102.5326049382716
600.8057777777778,241.85933333333332,103.2110987654321
615.6272222222223,246.53255555555558,103.8895925925926
630.4486666666667,251.20577777777777,104.56808641975309
645.2701111111111,255.87900000000002,105.24658024691358
660.0915555555555,260.5522222222222,105.92507407407408
674.9129999999999,265.22544444444446,106.60356790123457
689.7344444444444,269.8986666666667,107.28206172839506
704.5558888888888,274.5718888888889,107.96055555555556
570.8971111111111,232.42911111111113,108.2368888888889
585.7185555555556,237.10233333333332,108.91539506172839
600.5400000000001,241.77555555555557,109.59390123456791
615.3614444444445,246.44877777777782,110.27240740740743
630.1828888888889,251.122,110.95091358024692
645.0043333333334,255.7952222222222,111.62941975308644
659.8257777777778,260.46844444444446,112.30792592592593
674.6472222222222,265.14166666666665,112.98643209876545
689.4686666666666,269.8148888888889,113.66493827160495
704.2901111111112,274.4881111111111,114.34344444444446
570.6313333333333,232.34533333333334,114.61966666666666
585.4527777777777,237.01855555555557,115.29818518518518
600.2742222222222,241.6917777777778,115.97670370370369
615.0956666666666,246.36500000000004,116.65522222222224
629.9171111111111,251.03822222222226,117.33374074074074
644.7385555555555,255.71144444444445,118.01225925925927
659.56,260.3846666666667,118.69077777777778
674.3814444444444,265.0578888888889,119.3692962962963
689.2028888888889,269.73111111111115,120.04781481481481
704.0243333333333,274.40433333333334,120.72633333333334
570.3655555555555,232.26155555555556,121.00244444444444
585.1869999999999,236.93477777777775,121.68097530864196
600.0084444444444,241.608,122.3595061728395
614.8298889,246.28122222222225,123.03803703703704
629.6513333333332,250.95444444444445,123.71656790123457
644.4727777777778,255.62766666666664,124.3950987654321
659.2942222222222,260.3008888888889,125.07362962962964
674.1156666666666,264.9741111111111,125.75216049382716
688.9371111111111,269.64733333333334,126.43069135802469
703.7585555555555,274.32055555555553,127.10922222222223
570.0997777777777,232.17777777777778,127.38522222222221
584.9212222222221,236.851,128.06376543209873
599.7426666666665,241.52422222222222,128.74230864197528
614.5641111111111,246.19744444444447,129.42085185185186
629.3855555555555,250.8706666666667,130.0993950617284
644.207,255.5438888888889,130.77793827160494
659.0284444444444,260.21711111111114,131.4564814814815
673.8498888888889,264.89033333333333,132.1350247
688.6713333333332,269.5635555555556,132.81356790123456
703.4927777777777,274.2367777777778,133.49211111111111
569.834,232.094,133.768
584.6554444444444,236.76722222222222,134.44655555555553
599.4768888888889,241.44044444444444,135.12511111111112
614.2983333333334,246.1136666666667,135.8036666666667
629.1197777777777,250.7868888888889,136.48222222222222
643.9412222222222,255.46011111111113,137.16077777777778
658.7626666666666,260.1333333333333,137.83933333333334
673.5841111,264.8065555555556,138.5178888888889
688.4055555555556,269.4797777777778,139.19644444444444
703.227,274.153,139.875
575.5671111111111,222.25122222222222,76.323
590.3885555555555,226.9244320987654,77.00144444444443
605.21,231.59764197530865,77.67988888888888
620.0314444444444,236.27085185185186,78.35833333333332
634.8528888888889,240.94406172839507,79.03677777777776
649.6743333333334,245.61727160493825,79.71522222222222
664.4957777777778,250.29048148148146,80.39366666666666
679.3172222222222,254.96369135802468,81.07211111
694.1386666666666,259.63690123456786,81.75055555555554
708.9601111111111,264.3101111111111,82.42899999999999
575.3013333333333,222.1674444444444,82.70577777777777
590.1227777777777,226.84065432098762,83.38423456790122
604.9442222222222,231.51386419753084,84.06269135802468
619.7656666666667,236.18707407407405,84.74114814814814
634.5871111,240.86028395061726,85.41960493827159
649.4085555555555,245.53349382716044,86.09806172839504
664.2299999999999,250.20670370370368,86.77651851851851
679.0514444444443,254.87991358024686,87.45497530864196
693.8728888888888,259.5531234567901,88.13343209876543
708.6943333333332,264.2263333333333,88.81188888888887
575.0355555555556,222.08366666666666,89.08855555555554
589.857,226.75687654320984,89.76702469
604.6784444444445,231.43008641975308,90.44549382716049
619.4998888888889,236.1032962962963,91.12396296296296
634.3213333333333,240.7765061728395,91.80243209876542
649.1427777777778,245.4497160493827,92.48090123456788
663.9642222222222,250.1229259259259,93.15937037037035
678.7856666666668,254.7961358024691,93.83783950617283
693.6071111111112,259.4693456790123,94.51630864197529
708.4285555555556,264.14255555555553,95.19477777777776
574.7697777777778,221.9998888888889,95.47133333333332
589.5912222222222,226.6730987654321,96.14981481
604.4126666666667,231.3463086419753,96.82829629629629
619.2341111111111,236.01951851851857,97.50677777777777
634.0555555555555,240.69272839506175,98.18525925925925
648.8770000000001,245.36593827160493,98.86374074074072
663.6984444444445,250.03914814814817,99.54222222222221
678.5198888888889,254.71235802469135,100.22070370370369
693.3413333333333,259.38556790123454,100.89918518518517
708.1627777777778,264.0587777777778,101.57766666666666
574.5039999999999,221.9161111111111,101.8541111111111
589.3254444444443,226.58932098765428,102.53260493827159
604.1468888888888,231.26253086419752,103.21109876543208
618.9683333333332,235.93574074074075,103.88959259259258
633.7897777777778,240.60895061728394,104.56808641975307
648.6112222222222,245.28216049382718,105.24658024691357
663.4326666666666,249.9553703703704,105.92507407407406
678.2541111111111,254.62858024691357,106.60356790123456
693.0755555555555,259.3017901234568,107.28206172839505
707.897,263.975,107.96055555555554
574.2382222222222,221.83233333333334,108.23688888888887
589.0596666666667,226.50554320987652,108.91539506172836
603.8811111111111,231.17875308641973,109.5939012345679
618.7025555555556,235.851963,110.2724074074074
633.524,240.52517283950618,110.9509135802469
648.3454444444444,245.19838271604937,111.62941975308641
663.1668888888888,249.8715925925926,112.30792592592591
677.9883333333333,254.5448024691358,112.98643209876542
692.8097777777778,259.21801234567897,113.66493827160494
707.6312222222222,263.8912222222222,114.34344444444444
573.9724444444444,221.74855555555555,114.61966666666665
588.7938888888888,226.42176543209874,115.29818518518516
603.6153333333333,231.09497530864195,115.97670370370368
618.4367777777777,235.76818518518522,116.65522222222222
633.2582222222222,240.4413950617284,117.33374074074072
648.0796666666665,245.1146049382716,118.01225925925925
662.9011111,249.78781481481485,118.69077777777777
677.7225555555555,254.46102469135803,119.36929629629628
692.544,259.1342345679012,120.0478148148148
707.3654444444444,263.80744444444446,120.72633333333333
573.7066666666666,221.66477777777777,121.00244444444441
588.5281111,226.33798765432095,121.68097530864193
603.3495555555555,231.0111975308642,122.35950617283947
618.1709999999999,235.68440740740743,123.03803703703701
632.9924444444443,240.35761728395062,123.71656790123454
647.8138888888889,245.03082716049383,124.39509876543207
662.6353333333333,249.70403703703704,125.07362962962961
677.4567777777777,254.37724691358028,125.75216049382715
692.2782222222221,259.05045679012346,126.43069135802469
707.0996666666666,263.7236666666667,127.10922222222221
573.4408888888888,221.581,127.3852222222222
588.2623333333332,226.25420987654317,128.06376543209873
603.0837777777776,230.92741975308638,128.74230864197528
617.9052222222222,235.60062962962965,129.42085185185184
632.7266666666667,240.27383950617283,130.0993950617284
647.5481111111111,244.94704938271605,130.77793827160494
662.3695555555555,249.62025925925929,131.4564814814815
677.1909999999999,254.29346913580247,132.1350247
692.0124444444444,258.96667901234565,132.81356790123456
706.8338888888889,263.6398888888889,133.49211111111111
573.1751111,221.4972222222222,133.76799999999997
587.9965555555555,226.1704320987654,134.44655555555553
602.818,230.84364197530863,135.1251111111111
617.6394444444444,235.51685185185187,135.80366666666666
632.4608888888888,240.19006172839505,136.48222222222222
647.2823333333333,244.86327160493826,137.16077777777778
662.1037777777777,249.53648148148147,137.83933333333334
676.9252222222221,254.2096913580247,138.51788888888888
691.7466666666667,258.8829012345679,139.19644444444444
706.5681111111111,263.55611111111114,139.875
578.9082222222222,211.65444444444447,76.323
593.7296666666666,216.32764197530867,77.00144444444443
608.5511111111111,221.00083950617284,77.67988888888888
623.3725555555557,225.67403703703707,78.35833333333333
638.1940000000001,230.34723456790124,79.03677777777777
653.0154444444445,235.02043209876544,79.71522222222222
667.8368889,239.69362962962964,80.39366666666666
682.6583333333334,244.36682716049384,81.07211111111111
697.4797777777779,249.0400247,81.75055555555555
712.3012222222223,253.7132222222222,82.429
578.6424444444443,211.57066666666668,82.70577777777777
593.4638888888887,216.24386419753088,83.38423456790122
608.2853333333333,220.91706172839508,84.06269135802468
623.1067777777778,225.59025925925928,84.74114814814814
637.9282222222223,230.26345679012346,85.41960493827159
652.7496666666666,234.93665432098766,86.09806172839507
667.5711111111111,239.60985185185183,86.77651851851851
682.3925555555556,244.28304938271606,87.45497530864198
697.2140000000002,248.95624691358023,88.13343209876543
712.0354444444446,253.62944444444443,88.81188888888889
578.3766666666667,211.4868888888889,89.08855555555556
593.1981111111111,216.1600864197531,89.76702469135802
608.0195555555556,220.8332839506173,90.44549382716049
622.8410000000001,225.5064814814815,91.12396296296296
637.6624444444444,230.17967901234567,91.80243209876544
652.4838888888889,234.8528765432099,92.48090123
667.3053333333335,239.52607407407407,93.15937037037037
682.1267777777778,244.19927160493828,93.83783950617283
696.9482222222223,248.87246913580248,94.51630864197531
711.7696666666668,253.54566666666668,95.19477777777777
578.1108888888889,211.40311111111114,95.47133333333332
592.9323333333333,216.07630864197534,96.14981481
607.7537777777778,220.74950617283955,96.82829629629629
622.5752222222224,225.42270370370375,97.50677777777778
637.3966666666668,230.09590123456792,98.18525925925925
652.2181111111112,234.76909876543215,98.86374074074074
667.0395555555557,239.44229629629632,99.54222222222222
681.8610000000001,244.1154938271605,100.22070370370372
696.6824444444446,248.78869135802472,100.89918518518519
711.5038889,253.4618888888889,101.57766666666667
577.8451111111111,211.31933333333336,101.85411111111111
592.6665555555555,215.99253086419756,102.5326049382716
607.488,220.66572839506176,103.2110987654321
622.3094444444446,225.33892592592593,103.8895925925926
637.1308889,230.01212345679014,104.56808641975309
651.9523333333334,234.68532098765434,105.24658024691358
666.7737777777779,239.3585185185185,105.92507407407408
681.5952222222223,244.0317160493827,106.60356790123457
696.4166666666669,248.7049135802469,107.28206172839506
711.2381111111113,253.3781111111111,107.96055555555556
577.5793333333332,211.23555555555555,108.2368888888889
592.4007777777776,215.90875308641975,108.91539506172839
607.2222222222222,220.58195061728395,109.59390123456791
622.0436666666667,225.25514814814818,110.27240740740743
636.8651111,229.92834567901235,110.95091358024692
651.6865555555555,234.60154320987655,111.62941975308644
666.508,239.27474074074075,112.30792592592593
681.3294444444444,243.94793827160495,112.98643209876545
696.1508888888889,248.62113580246915,113.66493827160495
710.9723333333334,253.29433333333336,114.34344444444446
577.3135555555555,211.1517777777778,114.61966666666666
592.135,215.8249753,115.29818518518518
606.9564444444444,220.4981728395062,115.97670370370369
621.7778888888889,225.1713703703704,116.65522222222224
636.5993333333333,229.8445679012346,117.33374074074074
651.4207777777779,234.51776543209877,118.01225925925927
666.2422222222223,239.190963,118.69077777777778
681.0636666666668,243.86416049382717,119.3692962962963
695.8851111111112,248.5373580246914,120.04781481481481
710.7065555555557,253.21055555555557,120.72633333333334
577.0477777777777,211.068,121.00244444444444
591.8692222222221,215.7411975308642,121.68097530864196
606.6906666666666,220.4143950617284,122.3595061728395
621.5121111111112,225.0875925925926,123.03803703703704
636.3335555555556,229.7607901234568,123.71656790123457
651.155,234.43398765432102,124.3950987654321
665.9764444444445,239.1071851851852,125.07362962962964
680.7978888888888,243.78038271604942,125.75216049382716
695.6193333333334,248.4535802469136,126.43069135802469
710.4407777777778,253.12677777777782,127.10922222222223
576.782,210.98422222222223,127.38522222222221
591.6034444444444,215.65741975308643,128.06376543209873
606.4248889,220.33061728395063,128.74230864197528
621.2463333333335,225.00381481481483,129.42085185185186
636.0677777777778,229.67701234567903,130.0993950617284
650.8892222222223,234.3502098765432,130.77793827160494
665.7106666666667,239.02340740740743,131.4564814814815
680.5321111111111,243.6966049382716,132.1350247
695.3535555555555,248.36980246913583,132.81356790123456
710.1750000000001,253.043,133.49211111111111
576.5162222222222,210.90044444444445,133.768
591.3376666666667,215.57364197530865,134.44655555555553
606.1591111111111,220.24683950617285,135.12511111111112
620.9805555555556,224.92003703703705,135.8036666666667
635.8019999999999,229.59323456790122,136.48222222222222
650.6234444444444,234.26643209876545,137.16077777777778
665.4448889,238.93962962962962,137.83933333333334
680.2663333333334,243.61282716049385,138.5178888888889
695.0877777777778,248.28602469135802,139.19644444444444
709.9092222222223,252.95922222222225,139.875
582.2493333333334,201.0576666666667,76.323
597.0707777777778,205.73085185185187,77.00144444444443
611.8922222222224,210.40403703703709,77.67988888888888
626.7136666666668,215.07722222222225,78.35833333333333
641.5351111111112,219.7504074074074,79.03677777777777
656.3565555555556,224.4235925925926,79.71522222222222
671.178,229.0967777777778,80.39366666666666
685.9994444444444,233.76996296296295,81.07211111111111
700.8208888888889,238.44314814814814,81.75055555555555
715.6423333333333,243.11633333333333,82.429
581.9835555555557,200.97388888888892,82.70577777777777
596.8050000000001,205.64707407407408,83.38423456790122
611.6264444444445,210.3202592592593,84.06269135802468
626.4478889,214.99344444444446,84.74114814814814
641.2693333333334,219.66662962962965,85.41960493827159
656.0907777777779,224.33981481481482,86.09806172839507
670.9122222222222,229.01299999999998,86.77651851851851
685.7336666666666,233.68618518518517,87.45497530864198
700.5551111,238.35937037037036,88.13343209876543
715.3765555555556,243.03255555555555,88.81188888888889
581.7177777777779,200.89011111111117,89.08855555555556
596.5392222222223,205.56329629629633,89.76702469135802
611.3606666666667,210.23648148148152,90.44549382716049
626.1821111111112,214.9096666666667,91.12396296296296
641.0035555555556,219.58285185185187,91.80243209876544
655.825,224.25603703703706,92.48090123
670.6464444444445,228.92922222222222,93.15937037037037
685.4678888888889,233.60240740740738,93.83783950617283
700.2893333333334,238.27559259259257,94.51630864197531
715.1107777777778,242.94877777777776,95.19477777777777
581.4520000000001,200.80633333333338,95.47133333333332
596.2734444444445,205.47951851851855,96.14981481
611.0948889,210.15270370370374,96.82829629629629
625.9163333333335,214.82588888888893,97.50677777777778
640.7377777777779,219.4990740740741,98.18525925925925
655.5592222222223,224.1722592592593,98.86374074074074
670.3806666666667,228.84544444444447,99.54222222222222
685.2021111111111,233.51862962962963,100.22070370370372
700.0235555555556,238.19181481481482,100.89918518518519
714.845,242.865,101.57766666666667
581.1862222222223,200.72255555555557,101.85411111111111
596.0076666666668,205.39574074074073,102.5326049382716
610.8291111111112,210.06892592592595,103.2110987654321
625.6505555555557,214.74211111111111,103.8895925925926
640.472,219.4152962962963,104.56808641975309
655.2934444444445,224.0884814814815,105.24658024691358
670.1148888888889,228.76166666666666,105.92507407407408
684.9363333333333,233.43485185185185,106.60356790123457
699.7577777777778,238.10803703703704,107.28206172839506
714.5792222222223,242.78122222222223,107.96055555555556
580.9204444444445,200.63877777777782,108.2368888888889
595.7418888888889,205.31196296296298,108.91539506172839
610.5633333333333,209.98514814814817,109.59390123456791
625.3847777777778,214.65833333333336,110.27240740740743
640.2062222222223,219.33151851851852,110.95091358024692
655.0276666666666,224.00470370370374,111.62941975308644
669.8491111111111,228.6778888888889,112.30792592592593
684.6705555555557,233.35107407407406,112.98643209876545
699.4920000000001,238.02425925925925,113.66493827160495
714.3134444444445,242.69744444444444,114.34344444444446
580.6546666666667,200.555,114.61966666666666
595.4761111111111,205.2281851851852,115.29818518518518
610.2975555555556,209.9013703703704,115.97670370370369
625.119,214.57455555555558,116.65522222222224
639.9404444444444,219.24774074074077,117.33374074074074
654.7618889,223.92092592592596,118.01225925925927
669.5833333333334,228.59411111111115,118.69077777777778
684.4047777777778,233.2672962962963,119.3692962962963
699.2262222222223,237.9404814814815,120.04781481481481
714.0476666666667,242.6136666666667,120.72633333333334
580.3888888888889,200.47122222222225,121.00244444444444
595.2103333333333,205.14440740740744,121.68097530864196
610.0317777777778,209.81759259259263,122.3595061728395
624.8532222222223,214.49077777777782,123.03803703703704
639.6746666666667,219.163963,123.71656790123457
654.4961111111112,223.83714814814817,124.3950987654321
669.3175555555556,228.51033333333336,125.07362962962964
684.139,233.18351851851855,125.75216049382716
698.9604444444444,237.85670370370374,126.43069135802469
713.7818889,242.52988888888893,127.10922222222223
580.1231111111111,200.38744444444447,127.38522222222221
594.9445555555556,205.06062962962966,128.06376543209873
609.7660000000001,209.73381481481482,128.74230864197528
624.5874444444445,214.40700000000004,129.42085185185186
639.4088888888889,219.0801851851852,130.0993950617284
654.2303333333334,223.75337037037042,130.77793827160494
669.0517777777778,228.42655555555558,131.4564814814815
683.8732222222222,233.0997407407408,132.1350247
698.6946666666668,237.77292592592596,132.81356790123456
713.5161111111112,242.44611111111115,133.49211111111111
579.8573333333334,200.3036666666667,133.768
594.6787777777778,204.97685185185188,134.44655555555553
609.5002222222223,209.65003703703707,135.12511111111112
624.3216666666667,214.32322222222226,135.8036666666667
639.1431111111112,218.99640740740745,136.48222222222222
653.9645555555555,223.6695925925926,137.16077777777778
668.7860000000001,228.3427777777778,137.83933333333334
683.6074444444445,233.015963,138.5178888888889
698.4288889,237.68914814814818,139.19644444444444
713.2503333333334,242.36233333333337,139.875
585.5904444444445,190.46088888888892,76.323
600.4118888888888,195.13406172839507,77.00144444444443
615.2333333333333,199.80723456790125,77.67988888888888
630.0547777777779,204.48040740740743,78.35833333333333
644.8762222222223,209.15358024691358,79.03677777777777
659.6976666666667,213.82675308641973,79.71522222222222
674.5191111111111,218.49992592592594,80.39366666666666
689.3405555555555,223.1730987654321,81.07211111111111
704.162,227.84627160493827,81.75055555555555
718.9834444444444,232.51944444444442,82.429
585.3246666666666,190.3771111111111,82.70577777777777
600.1461111,195.05028395061726,83.38423456790122
614.9675555555556,199.72345679012344,84.06269135802468
629.789,204.39662962962962,84.74114814814814
644.6104444444445,209.0698024691358,85.41960493827159
659.4318888888888,213.74297530864195,86.09806172839507
674.2533333333333,218.41614814814812,86.77651851851851
689.0747777777779,223.08932098765428,87.45497530864198
703.8962222222223,227.76249382716048,88.13343209876543
718.7176666666667,232.43566666666663,88.81188888888889
585.0588889,190.29333333333335,89.08855555555556
599.8803333333334,194.9665061728395,89.76702469135802
614.7017777777778,199.63967901234568,90.44549382716049
629.5232222222223,204.31285185185186,91.12396296296296
644.3446666666666,208.9860247,91.80243209876544
659.1661111111111,213.65919753086422,92.48090123
673.9875555555556,218.33237037037037,93.15937037037037
688.809,223.00554320987652,93.83783950617283
703.6304444444444,227.6787160493827,94.51630864197531
718.4518888888889,232.35188888888888,95.19477777777777
584.7931111111112,190.2095555555556,95.47133333333332
599.6145555555556,194.88272839506175,96.14981481
614.4360000000001,199.55590123456793,96.82829629629629
629.2574444444446,204.2290740740741,97.50677777777778
644.0788889,208.90224691358026,98.18525925925925
658.9003333333334,213.57541975308644,98.86374074074074
673.7217777777778,218.24859259259262,99.54222222222222
688.5432222222222,222.9217654320988,100.22070370370372
703.3646666666667,227.59493827160495,100.89918518518519
718.1861111111111,232.26811111111112,101.57766666666667
584.5273333333334,190.12577777777778,101.85411111111111
599.3487777777779,194.79895061728394,102.5326049382716
614.1702222222223,199.47212345679011,103.2110987654321
628.9916666666668,204.1452962962963,103.8895925925926
643.8131111111112,208.81846913580245,104.56808641975309
658.6345555555556,213.49164197530865,105.24658024691358
673.456,218.1648148148148,105.92507407407408
688.2774444444445,222.83798765432095,106.60356790123457
703.0988889,227.51116049382713,107.28206172839506
717.9203333333334,232.1843333333333,107.96055555555556
584.2615555555556,190.04200000000003,108.2368888888889
599.083,194.71517283950618,108.91539506172839
613.9044444444445,199.38834567901236,109.59390123456791
628.7258888888889,204.06151851851854,110.27240740740743
643.5473333333333,208.7346913580247,110.95091358024692
658.3687777777778,213.40786419753087,111.62941975308644
673.1902222222222,218.08103703703705,112.30792592592593
688.0116666666667,222.75420987654323,112.98643209876545
702.8331111111111,227.42738271604938,113.66493827160495
717.6545555555556,232.10055555555556,114.34344444444446
583.9957777777778,189.95822222222222,114.61966666666666
598.8172222222222,194.63139506172837,115.29818518518518
613.6386666666667,199.30456790123458,115.97670370370369
628.4601111111111,203.97774074074076,116.65522222222224
643.2815555555555,208.65091358024694,117.33374074074074
658.1030000000001,213.3240864197531,118.01225925925927
672.9244444444445,217.9972592592593,118.69077777777778
687.7458888888889,222.67043209876545,119.3692962962963
702.5673333333334,227.34360493827162,120.04781481481481
717.3887777777778,232.0167777777778,120.72633333333334
583.73,189.87444444444446,121.00244444444444
598.5514444444444,194.54761728395061,121.68097530864196
613.3728889,199.22079012345682,122.3595061728395
628.1943333333334,203.893963,123.03803703703704
643.0157777777779,208.56713580246915,123.71656790123457
657.8372222222222,213.24030864197533,124.3950987654321
672.6586666666667,217.9134814814815,125.07362962962964
687.4801111111112,222.5866543209877,125.75216049382716
702.3015555555556,227.25982716049384,126.43069135802469
717.123,231.93300000000002,127.10922222222223
583.4642222222224,189.79066666666668,127.38522222222221
598.2856666666668,194.46383950617283,128.06376543209873
613.1071111111112,199.1370123,128.74230864197528
627.9285555555557,203.81018518518522,129.42085185185186
642.75,208.48335802469137,130.0993950617284
657.5714444444445,213.15653086419752,130.77793827160494
672.3928888888889,217.8297037037037,131.4564814814815
687.2143333333333,222.50287654320988,132.1350247
702.0357777777778,227.17604938271603,132.81356790123456
716.8572222222223,231.8492222222222,133.49211111111111
583.1984444444445,189.7068888888889,133.768
598.0198889,194.38006172839505,134.44655555555553
612.8413333333333,199.05323456790126,135.12511111111112
627.6627777777778,203.72640740740744,135.8036666666667
642.4842222222222,208.3995802469136,136.48222222222222
657.3056666666668,213.07275308641977,137.16077777777778
672.1271111111112,217.74592592592595,137.83933333333334
686.9485555555556,222.41909876543212,138.5178888888889
701.77,227.09227160493828,139.19644444444444
716.5914444444445,231.76544444444446,139.875
588.9315555555556,179.86411111111113,76.323
603.753,184.5372716049383,77.00144444444443
618.5744444444445,189.21043209876547,77.67988888888888
633.3958889,193.8835925925926,78.35833333333333
648.2173333333334,198.55675308641975,79.03677777777777
663.0387777777778,203.22991358024694,79.71522222222222
677.8602222222223,207.90307407407408,80.39366666666666
692.6816666666666,212.57623456790125,81.07211111111111
707.5031111111111,217.2493950617284,81.75055555555555
722.3245555555555,221.92255555555556,82.429
588.6657777777779,179.78033333333335,82.70577777777777
603.4872222222223,184.45349382716051,83.38423456790122
618.3086666666668,189.12665432098765,84.06269135802468
633.1301111111112,193.79981481481482,84.74114814814814
647.9515555555556,198.4729753,85.41960493827159
662.7730000000001,203.14613580246913,86.09806172839507
677.5944444444444,207.81929629629627,86.77651851851851
692.4158889,212.49245679012347,87.45497530864198
707.2373333333333,217.1656172839506,88.13343209876543
722.0587777777778,221.83877777777778,88.81188888888889
588.4000000000001,179.69655555555556,89.08855555555556
603.2214444444445,184.36971604938273,89.76702469135802
618.0428888888889,189.0428765432099,90.44549382716049
632.8643333333334,193.71603703703704,91.12396296296296
647.6857777777778,198.3891975308642,91.80243209876544
662.5072222222223,203.06235802469138,92.48090123
677.3286666666668,207.73551851851852,93.15937037037037
692.1501111111111,212.4086790123457,93.83783950617283
706.9715555555556,217.08183950617286,94.51630864197531
721.793,221.75500000000002,95.19477777777777
588.1342222222223,179.6127777777778,95.47133333333332
602.9556666666667,184.28593827160495,96.14981481
617.7771111111113,188.95909876543215,96.82829629629629
632.5985555555557,193.63225925925929,97.50677777777778
647.4200000000001,198.30541975308645,98.18525925925925
662.2414444444445,202.9785802469136,98.86374074074074
677.0628888888889,207.65174074074076,99.54222222222222
691.8843333333333,212.3249012345679,100.22070370370372
706.7057777777778,216.9980617283951,100.89918518518519
721.5272222222222,221.67122222222224,101.57766666666667
587.8684444444445,179.529,101.85411111111111
602.6898889,184.20216049382717,102.5326049382716
617.5113333333334,188.87532098765433,103.2110987654321
632.3327777777779,193.54848148148147,103.8895925925926
647.1542222222222,198.22164197530864,104.56808641975309
661.9756666666667,202.8948024691358,105.24658024691358
676.7971111111112,207.56796296296295,105.92507407407408
691.6185555555556,212.24112345679012,106.60356790123457
706.4399999999999,216.9142839506173,107.28206172839506
721.2614444444445,221.58744444444446,107.96055555555556
587.6026666666667,179.44522222222224,108.2368888888889
602.4241111111111,184.11838271604938,108.91539506172839
617.2455555555556,188.79154320987658,109.59390123456791
632.067,193.46470370370372,110.27240740740743
646.8884444444445,198.1378641975309,110.95091358024692
661.7098888888888,202.81102469135803,111.62941975308644
676.5313333333334,207.4841851851852,112.30792592592593
691.3527777777778,212.15734567901234,112.98643209876545
706.1742222222223,216.83050617283953,113.66493827160495
720.9956666666667,221.50366666666667,114.34344444444446
587.3368889,179.36144444444443,114.61966666666666
602.1583333333334,184.0346049382716,115.29818518518518
616.9797777777778,188.70776543209877,115.97670370370369
631.8012222222223,193.38092592592594,116.65522222222224
646.6226666666668,198.0540864197531,117.33374074074074
661.4441111111112,202.72724691358025,118.01225925925927
676.2655555555557,207.40040740740744,118.69077777777778
691.087,212.07356790123458,119.3692962962963
705.9084444444445,216.74672839506175,120.04781481481481
720.7298888888889,221.41988888888892,120.72633333333334
587.0711111111111,179.27766666666668,121.00244444444444
601.8925555555555,183.95082716049382,121.68097530864196
616.7139999999999,188.6239877,122.3595061728395
631.5354444444445,193.29714814814815,123.03803703703704
646.3568888888889,197.97030864197532,123.71656790123457
661.1783333333334,202.64346913580246,124.3950987654321
675.9997777777778,207.31662962962963,125.07362962962964
690.8212222222223,211.98979012345677,125.75216049382716
705.6426666666666,216.66295061728397,126.43069135802469
720.4641111111112,221.3361111111111,127.10922222222223
586.8053333333334,179.19388888888886,127.38522222222221
601.6267777777778,183.86704938271603,128.06376543209873
616.4482222222223,188.5402098765432,128.74230864197528
631.2696666666668,193.21337037037037,129.42085185185186
646.0911111111111,197.88653086419754,130.0993950617284
660.9125555555556,202.55969135802468,130.77793827160494
675.734,207.23285185185188,131.4564814814815
690.5554444444444,211.90601234567902,132.1350247
705.3768889,216.57917283950619,132.81356790123456
720.1983333333334,221.25233333333335,133.49211111111111
586.5395555555556,179.1101111111111,133.768
601.361,183.78327160493825,134.44655555555553
616.1824444444444,188.45643209876545,135.12511111111112
631.0038888888889,193.12959259259262,135.8036666666667
645.8253333333334,197.80275308641978,136.48222222222222
660.6467777777777,202.47591358024692,137.16077777777778
675.4682222222223,207.1490740740741,137.83933333333334
690.2896666666667,211.82223456790123,138.5178888888889
705.1111111111112,216.4953950617284,139.19644444444444
719.9325555555556,221.16855555555557,139.875
592.2726666666667,169.26733333333334,76.323
607.0941111111111,173.94048148148147,77.00144444444443
621.9155555555556,178.61362962962966,77.67988888888888
636.7370000000001,183.2867777777778,78.35833333333333
651.5584444444444,187.95992592592592,79.03677777777777
666.3798888888889,192.6330740740741,79.71522222222222
681.2013333333333,197.30622222222223,80.39366666666666
696.0227777777777,201.97937037037036,81.07211111111111
710.8442222222222,206.65251851851852,81.75055555555555
725.6656666666667,211.32566666666668,82.429
592.0068889,169.18355555555556,82.70577777777777
606.8283333333334,173.8567037037037,83.38423456790122
621.6497777777778,178.52985185185184,84.06269135802468
636.4712222222222,183.203,84.74114814814814
651.2926666666667,187.87614814814813,85.41960493827159
666.1141111,192.5492962962963,86.09806172839507
680.9355555555555,197.22244444444442,86.77651851851851
695.757,201.89559259259258,87.45497530864198
710.5784444444444,206.5687407407407,88.13343209876543
725.3998888888888,211.24188888888887,88.81188888888889
591.7411111111112,169.0997777777778,89.08855555555556
606.5625555555556,173.77292592592593,89.76702469135802
621.3840000000001,178.4460740740741,90.44549382716049
636.2054444444445,183.11922222222225,91.12396296296296
651.0268889,187.79237037037038,91.80243209876544
665.8483333333334,192.46551851851854,92.48090123
680.6697777777778,197.13866666666667,93.15937037037037
695.4912222222222,201.8118148148148,93.83783950617283
710.3126666666667,206.48496296296295,94.51630864197531
725.1341111111111,211.1581111111111,95.19477777777777
591.4753333333334,169.01600000000002,95.47133333333332
606.2967777777778,173.68914814814815,96.14981481
621.1182222222222,178.3622962962963,96.82829629629629
635.9396666666668,183.03544444444447,97.50677777777778
650.7611111111112,187.7085925925926,98.18525925925925
665.5825555555557,192.38174074074078,98.86374074074074
680.404,197.0548888888889,99.54222222222222
695.2254444444444,201.72803703703704,100.22070370370372
710.0468888888888,206.4011851851852,100.89918518518519
724.8683333333333,211.07433333333336,101.57766666666667
591.2095555555557,168.93222222222224,101.85411111111111
606.0310000000001,173.60537037037037,102.5326049382716
620.8524444444445,178.27851851851852,103.2110987654321
635.6738889,182.95166666666668,103.8895925925926
650.4953333333334,187.6248148148148,104.56808641975309
665.3167777777778,192.29796296296297,105.24658024691358
680.1382222222222,196.9711111111111,105.92507407407408
694.9596666666666,201.64425925925923,106.60356790123457
709.7811111111112,206.3174074074074,107.28206172839506
724.6025555555556,210.99055555555555,107.96055555555556
590.9437777777778,168.84844444444445,108.2368888888889
605.7652222222222,173.52159259259258,108.91539506172839
620.5866666666667,178.19474074074074,109.59390123456791
635.4081111111111,182.8678888888889,110.27240740740743
650.2295555555556,187.54103703703703,110.95091358024692
665.0509999999999,192.21418518518522,111.62941975308644
679.8724444444445,196.88733333333334,112.30792592592593
694.6938888888889,201.56048148148147,112.98643209876545
709.5153333333334,206.23362962962963,113.66493827160495
724.3367777777778,210.9067777777778,114.34344444444446
590.678,168.7646666666667,114.61966666666666
605.4994444444444,173.43781481481483,115.29818518518518
620.3208888888889,178.110963,115.97670370370369
635.1423333333333,182.78411111111114,116.65522222222224
649.9637777777778,187.45725925925927,117.33374074074074
664.7852222222223,192.1304074074074,118.01225925925927
679.6066666666667,196.80355555555553,118.69077777777778
694.4281111111111,201.47670370370366,119.3692962962963
709.2495555555555,206.14985185185182,120.04781481481481
724.071,210.82299999999998,120.72633333333334
590.4122222222222,168.6808888888889,121.00244444444444
605.2336666666666,173.35403703703702,121.68097530864196
620.0551111,178.02718518518517,122.3595061728395
634.8765555555556,182.70033333333333,123.03803703703704
649.6980000000001,187.37348148148146,123.71656790123457
664.5194444444444,192.04662962962965,124.3950987654321
679.3408888888889,196.71977777777778,125.07362962962964
694.1623333333334,201.3929259259259,125.75216049382716
708.9837777777778,206.06607407407407,126.43069135802469
723.8052222222223,210.73922222222222,127.10922222222223
590.1464444444446,168.59711111111113,127.38522222222221
604.9678889,173.27025925925926,128.06376543209873
619.7893333333335,177.94340740740742,128.74230864197528
634.6107777777779,182.61655555555558,129.42085185185186
649.4322222222223,187.2897037037037,130.0993950617284
664.2536666666667,191.96285185185187,130.77793827160494
679.0751111111111,196.636,131.4564814814815
693.8965555555556,201.30914814814815,132.1350247
708.7180000000001,205.98229629629628,132.81356790123456
723.5394444444445,210.65544444444444,133.49211111111111
589.8806666666667,168.51333333333335,133.768
604.7021111111111,173.1864814814815,134.44655555555553
619.5235555555556,177.85962962962964,135.12511111111112
634.345,182.5327777777778,135.8036666666667
649.1664444444444,187.20592592592592,136.48222222222222
663.9878889,191.87907407407408,137.16077777777778
678.8093333333334,196.5522222222222,137.83933333333334
693.6307777777778,201.22537037037034,138.5178888888889
708.4522222222222,205.8985185185185,139.19644444444444
723.2736666666667,210.57166666666666,139.875
595.6137777777778,158.67055555555555,76.323
610.4352222222223,163.34369135802467,77.00144444444443
625.2566666666667,168.01682716049382,77.67988888888888
640.0781111111112,172.68996296296297,78.35833333333333
654.8995555555556,177.3630987654321,79.03677777777777
669.721,182.03623456790123,79.71522222222222
684.5424444444444,186.70937037037038,80.39366666666666
699.3638888888889,191.3825061728395,81.07211111111111
714.1853333333333,196.05564197530867,81.75055555555555
729.0067777777778,200.7287777777778,82.429
595.348,158.58677777777777,82.70577777777777
610.1694444444444,163.2599135802469,83.38423456790122
624.9908888888889,167.93304938271604,84.06269135802468
639.8123333333333,172.60618518518518,84.74114814814814
654.6337777777777,177.27932098765433,85.41960493827159
669.4552222222222,181.95245679012345,86.09806172839507
684.2766666666666,186.62559259259257,86.77651851851851
699.0981111,191.29872839506174,87.45497530864198
713.9195555555555,195.9718641975309,88.13343209876543
728.741,200.645,88.81188888888889
595.0822222222223,158.503,89.08855555555556
609.9036666666666,163.1761358024691,89.76702469135802
624.7251111111111,167.84927160493825,90.44549382716049
639.5465555555556,172.5224074074074,91.12396296296296
654.368,177.19554320987655,91.80243209876544
669.1894444444445,181.86867901234567,92.48090123
684.0108888888889,186.5418148148148,93.15937037037037
698.8323333333333,191.21495061728393,93.83783950617283
713.6537777777778,195.8880864197531,94.51630864197531
728.4752222222222,200.56122222222223,95.19477777777777
594.8164444444445,158.41922222222223,95.47133333333332
609.6378888888889,163.09235802469135,96.14981481
624.4593333333333,167.7654938271605,96.82829629629629
639.2807777777779,172.43862962962965,97.50677777777778
654.1022222222223,177.11176543209876,98.18525925925925
668.9236666666667,181.78490123456794,98.86374074074074
683.7451111111111,186.45803703703706,99.54222222222222
698.5665555555556,191.1311728395062,100.22070370370372
713.388,195.80430864197533,100.89918518518519
728.2094444444444,200.47744444444447,101.57766666666667
594.5506666666668,158.33544444444448,101.85411111111111
609.3721111111112,163.0085802469136,102.5326049382716
624.1935555555556,167.68171604938274,103.2110987654321
639.0150000000001,172.3548518518519,103.8895925925926
653.8364444444444,177.0279877,104.56808641975309
668.6578888888889,181.70112345679013,105.24658024691358
683.4793333333333,186.37425925925925,105.92507407407408
698.3007777777777,191.0473950617284,106.60356790123457
713.1222222222221,195.72053086419754,107.28206172839506
727.9436666666667,200.39366666666666,107.96055555555556
594.2848888888889,158.25166666666667,108.2368888888889
609.1063333333334,162.92480246913578,108.91539506172839
623.9277777777777,167.59793827160493,109.59390123456791
638.7492222222222,172.27107407407408,110.27240740740743
653.5706666666666,176.9442098765432,110.95091358024692
668.3921111111111,181.61734567901237,111.62941975308644
683.2135555555556,186.2904814814815,112.30792592592593
698.035,190.96361728395064,112.98643209876545
712.8564444444444,195.63675308641976,113.66493827160495
727.6778888888889,200.3098888888889,114.34344444444446
594.0191111111111,158.1678888888889,114.61966666666666
608.8405555555555,162.84102469135803,115.29818518518518
623.662,167.51416049382718,115.97670370370369
638.4834444444444,172.18729629629632,116.65522222222224
653.3048888888889,176.86043209876544,117.33374074074074
668.1263333333334,181.53356790123456,118.01225925925927
682.9477777777778,186.20670370370368,118.69077777777778
697.7692222222223,190.87983950617283,119.3692962962963
712.5906666666667,195.55297530864198,120.04781481481481
727.4121111111111,200.2261111111111,120.72633333333334
593.7533333333333,158.08411111111116,121.00244444444444
608.5747777777777,162.75724691358027,121.68097530864196
623.3962222222223,167.43038271604942,122.3595061728395
638.2176666666667,172.10351851851857,123.03803703703704
653.0391111111111,176.7766543209877,123.71656790123457
667.8605555555556,181.4497901234568,124.3950987654321
682.682,186.12292592592593,125.07362962962964
697.5034444444444,190.79606172839507,125.75216049382716
712.3248888888888,195.4691975308642,126.43069135802469
727.1463333333334,200.14233333333334,127.10922222222223
593.4875555555556,158.00033333333337,127.38522222222221
608.309,162.6734691358025,128.06376543209873
623.1304444444445,167.34660493827164,128.74230864197528
637.9518888888889,172.01974074074076,129.42085185185186
652.7733333333333,176.69287654320988,130.0993950617284
667.5947777777778,181.3660123,130.77793827160494
682.4162222222222,186.03914814814812,131.4564814814815
697.2376666666667,190.71228395061726,132.1350247
712.0591111111112,195.3854197530864,132.81356790123456
726.8805555555556,200.05855555555553,133.49211111111111
593.2217777777778,157.9165555555556,133.768
608.0432222222222,162.5896913580247,134.44655555555553
622.8646666666667,167.26282716049386,135.12511111111112
637.6861111111111,171.935963,135.8036666666667
652.5075555555557,176.60909876543212,136.48222222222222
667.329,181.28223456790124,137.16077777777778
682.1504444444445,185.95537037037036,137.83933333333334
696.9718889,190.6285061728395,138.5178888888889
711.7933333333334,195.30164197530863,139.19644444444444
726.6147777777778,199.97477777777777,139.875
598.9548889,148.0737777777778,76.323
613.7763333333334,152.74690123456793,77.00144444444443
628.5977777777778,157.42002469135804,77.67988888888888
643.4192222222223,162.09314814814815,78.35833333333333
658.2406666666666,166.76627160493825,79.03677777777777
673.0621111111111,171.43939506172842,79.71522222222222
687.8835555555556,176.11251851851853,80.39366666666666
702.705,180.78564197530864,81.07211111111111
717.5264444444443,185.45876543209874,81.75055555555555
732.3478888888889,190.13188888888888,82.429
598.6891111111112,147.99,82.70577777777777
613.5105555555556,152.66312345679015,83.38423456790122
628.332,157.33624691358025,84.06269135802468
643.1534444444444,162.0093703703704,84.74114814814814
657.9748888888889,166.6824938271605,85.41960493827159
672.7963333333332,171.3556172839506,86.09806172839507
687.6177777777777,176.02874074074074,86.77651851851851
702.4392222,180.70186419753085,87.45497530864198
717.2606666666666,185.3749877,88.13343209876543
732.0821111,190.0481111111111,88.81188888888889
598.4233333333334,147.90622222222223,89.08855555555556
613.2447777777778,152.57934567901236,89.76702469135802
628.0662222222222,157.25246913580247,90.44549382716049
642.8876666666667,161.9255925925926,91.12396296296296
657.7091111,166.59871604938272,91.80243209876544
672.5305555555556,171.27183950617285,92.48090123
687.3519999999999,175.94496296296296,93.15937037037037
702.1734444444444,180.6180864197531,93.83783950617283
716.9948888888888,185.29120987654323,94.51630864197531
731.8163333333332,189.96433333333334,95.19477777777777
598.1575555555556,147.82244444444447,95.47133333333332
612.979,152.49556790123458,96.14981481
627.8004444444446,157.16869135802472,96.82829629629629
642.6218889,161.84181481481485,97.50677777777778
657.4433333333334,166.51493827160496,98.18525925925925
672.2647777777779,171.18806172839507,98.86374074074074
687.0862222222222,175.8611851851852,99.54222222222222
701.9076666666667,180.53430864197531,100.22070370370372
716.7291111,185.20743209876545,100.89918518518519
731.5505555555555,189.88055555555556,101.57766666666667
597.8917777777779,147.7386666666667,101.85411111111111
612.7132222222223,152.4117901234568,102.5326049382716
627.5346666666667,157.08491358024693,103.2110987654321
642.3561111111112,161.75803703703707,103.8895925925926
657.1775555555556,166.43116049382718,104.56808641975309
671.999,171.1042839506173,105.24658024691358
686.8204444444445,175.77740740740742,105.92507407407408
701.6418888888888,180.45053086419753,106.60356790123457
716.4633333333334,185.12365432098767,107.28206172839506
731.2847777777778,189.79677777777778,107.96055555555556
597.626,147.65488888888893,108.2368888888889
612.4474444444444,152.32801234567904,108.91539506172839
627.2688888888888,157.00113580246915,109.59390123456791
642.0903333333333,161.6742592592593,110.27240740740743
656.9117777777778,166.34738271604942,110.95091358024692
671.7332222222221,171.02050617283953,111.62941975308644
686.5546666666667,175.69362962962964,112.30792592592593
701.3761111111111,180.36675308641975,112.98643209876545
716.1975555555556,185.03987654320989,113.66493827160495
731.019,189.713,114.34344444444446
597.3602222222223,147.57111111111112,114.61966666666666
612.1816666666667,152.24423456790123,115.29818518518518
627.0031111111111,156.91735802469137,115.97670370370369
641.8245555555557,161.5904814814815,116.65522222222224
656.646,166.2636049382716,117.33374074074074
671.4674444444445,170.93672839506172,118.01225925925927
686.2888889,175.60985185185186,118.69077777777778
701.1103333333334,180.28297530864197,119.3692962962963
715.9317777777777,184.9560987654321,120.04781481481481
730.7532222222222,189.6292222222222,120.72633333333334
597.0944444444444,147.48733333333337,121.00244444444444
611.9158888888888,152.16045679012348,121.68097530864196
626.7373333333334,156.8335802469136,122.3595061728395
641.5587777777778,161.50670370370375,123.03803703703704
656.3802222222223,166.17982716049386,123.71656790123457
671.2016666666666,170.85295061728397,124.3950987654321
686.0231111111111,175.52607407407407,125.07362962962964
700.8445555555555,180.19919753086424,125.75216049382716
715.666,184.87232098765435,126.43069135802469
730.4874444444445,189.54544444444446,127.10922222222223
596.8286666666667,147.40355555555556,127.38522222222221
611.6501111111111,152.07667901234566,128.06376543209873
626.4715555555556,156.7498024691358,128.74230864197528
641.2930000000001,161.42292592592594,129.42085185185186
656.1144444444444,166.09604938271605,130.0993950617284
670.9358888888889,170.76917283950615,130.77793827160494
685.7573333333333,175.4422962962963,131.4564814814815
700.5787777777778,180.11541975308643,132.1350247
715.4002222222223,184.78854320987656,132.81356790123456
730.2216666666667,189.46166666666667,133.49211111111111
596.5628888888889,147.3197777777778,133.768
611.3843333333333,151.9929012345679,134.44655555555553
626.2057777777777,156.66602469135805,135.12511111111112
641.0272222222222,161.33914814814818,135.8036666666667
655.8486666666666,166.0122716049383,136.48222222222222
670.6701111111112,170.6853950617284,137.16077777777778
685.4915555555556,175.3585185185185,137.83933333333334
700.3130000000001,180.03164197530867,138.5178888888889
715.1344444444444,184.70476543209878,139.19644444444444
729.9558888888889,189.3778888888889,139.875
602.296,137.477,76.323
617.1174444444445,142.1501111111111,77.00144444444443
631.9388888888889,146.82322222222223,77.67988888888888
646.7603333333334,151.49633333333333,78.35833333333333
661.5817777777778,156.16944444444442,79.03677777777777
676.4032222222222,160.84255555555558,79.71522222222222
691.2246666666666,165.51566666666668,80.39366666666666
706.0461111111111,170.18877777777777,81.07211111111111
720.8675555555556,174.86188888888887,81.75055555555555
735.689,179.535,82.429
602.0302222222222,137.39322222222222,82.70577777777777
616.8516666666666,142.06633333333332,83.38423456790122
631.6731111111111,146.73944444444444,84.06269135802468
646.4945555555555,151.41255555555557,84.74114814814814
661.316,156.08566666666667,85.41960493827159
676.1374444444443,160.75877777777777,86.09806172839507
690.9588888888889,165.4318888888889,86.77651851851851
705.7803333333333,170.105,87.45497530864198
720.6017777777778,174.7781111111111,88.13343209876543
735.4232222222222,179.4512222222222,88.81188888888889
601.7644444444445,137.30944444444447,89.08855555555556
616.5858889,141.98255555555556,89.76702469135802
631.4073333333333,146.65566666666666,90.44549382716049
646.2287777777779,151.32877777777782,91.12396296296296
661.0502222222223,156.00188888888889,91.80243209876544
675.8716666666668,160.675,92.48090123
690.6931111111112,165.3481111111111,93.15937037037037
705.5145555555556,170.0212222222222,93.83783950617283
720.336,174.6943333333333,94.51630864197531
735.1574444444445,179.36744444444443,95.19477777777777
601.4986666666667,137.22566666666668,95.47133333333332
616.3201111111111,141.89877777777778,96.14981481
631.1415555555557,146.5718888888889,96.82829629629629
645.9630000000001,151.24500000000003,97.50677777777778
660.7844444444445,155.9181111111111,98.18525925925925
675.6058888888889,160.59122222222226,98.86374074074074
690.4273333333333,165.26433333333335,99.54222222222222
705.2487777777778,169.93744444444445,100.22070370370372
720.0702222222222,174.61055555555555,100.89918518518519
734.8916666666667,179.28366666666668,101.57766666666667
601.2328889,137.1418888888889,101.85411111111111
616.0543333333334,141.815,102.5326049382716
630.8757777777779,146.48811111111112,103.2110987654321
645.6972222222223,151.16122222222225,103.8895925925926
660.5186666666667,155.83433333333335,104.56808641975309
675.3401111111111,160.50744444444445,105.24658024691358
690.1615555555555,165.18055555555557,105.92507407407408
704.983,169.85366666666664,106.60356790123457
719.8044444444445,174.52677777777777,107.28206172839506
734.6258888888889,179.1998888888889,107.96055555555556
600.9671111111111,137.05811111111112,108.2368888888889
615.7885555555555,141.73122222222221,108.91539506172839
630.61,146.40433333333334,109.59390123456791
645.4314444444444,151.07744444444447,110.27240740740743
660.2528888888888,155.75055555555554,110.95091358024692
675.0743333333334,160.4236666666667,111.62941975308644
689.8957777777778,165.0967777777778,112.30792592592593
704.7172222222222,169.7698888888889,112.98643209876545
719.5386666666666,174.44299999999998,113.66493827160495
734.3601111111111,179.1161111111111,114.34344444444446
600.7013333333333,136.97433333333333,114.61966666666666
615.5227777777777,141.64744444444443,115.29818518518518
630.3442222222222,146.32055555555556,115.97670370370369
645.1656666666667,150.99366666666668,116.65522222222224
659.9871111111111,155.66677777777778,117.33374074074074
674.8085555555556,160.33988888888888,118.01225925925927
689.63,165.013,118.69077777777778
704.4514444444444,169.68611111111107,119.3692962962963
719.2728888888889,174.3592222222222,120.04781481481481
734.0943333333333,179.03233333333333,120.72633333333334
600.4355555555555,136.89055555555558,121.00244444444444
615.257,141.56366666666668,121.68097530864196
630.0784444444445,146.2367777777778,122.3595061728395
644.8998888888889,150.9098888888889,123.03803703703704
659.7213333333334,155.583,123.71656790123457
674.5427777777777,160.25611111111112,124.3950987654321
689.3642222222222,164.92922222222222,125.07362962962964
704.1856666666666,169.60233333333332,125.75216049382716
719.0071111111112,174.27544444444442,126.43069135802469
733.8285555555556,178.94855555555554,127.10922222222223
600.1697777777778,136.8067777777778,127.38522222222221
614.9912222222222,141.4798888888889,128.06376543209873
629.8126666666667,146.15300000000002,128.74230864197528
644.6341111111111,150.82611111111112,129.42085185185186
659.4555555555555,155.49922222222222,130.0993950617284
674.277,160.17233333333334,130.77793827160494
689.0984444444445,164.84544444444447,131.4564814814815
703.9198888888889,169.51855555555557,132.1350247
718.7413333333333,174.19166666666666,132.81356790123456
733.5627777777778,178.8647777777778,133.49211111111111
599.904,136.723,133.768
614.7254444444444,141.3961111111111,134.44655555555553
629.5468888888888,146.06922222222224,135.12511111111112
644.3683333333333,150.74233333333336,135.8036666666667
659.1897777777779,155.41544444444446,136.48222222222222
674.0112222222222,160.08855555555556,137.16077777777778
688.8326666666667,164.76166666666666,137.83933333333334
703.6541111111112,169.43477777777778,138.5178888888889
718.4755555555556,174.10788888888888,139.19644444444444
733.297,178.781,139.875
